{
  "m": {
    "width": 0.8125,
    "strokes": [
      [
        [
          0.125,
          -0.4375
        ],
        [
          0.125,
          0.0
        ]
      ],
      [
        [
          0.125,
          -0.3125
        ],
        [
          0.1875,
          -0.40625
        ],
        [
          0.25,
          -0.4375
        ],
        [
          0.3125,
          -0.4375
        ],
        [
          0.375,
          -0.40625
        ],
        [
          0.40625,
          -0.3125
        ],
        [
          0.40625,
          0.0
        ]
      ],
      [
        [
          0.40625,
          -0.3125
        ],
        [
          0.46875,
          -0.40625
        ],
        [
          0.53125,
          -0.4375
        ],
        [
          0.59375,
          -0.4375
        ],
        [
          0.65625,
          -0.40625
        ],
        [
          0.6875,
          -0.3125
        ],
        [
          0.6875,
          0.0
        ]
      ]
    ]
  },
  "æ": {
    "width": 0.0,
    "strokes": []
  },
  "œ": {
    "width": 0.0,
    "strokes": []
  }
}